Job ID,Job Title,Client Name,Client Phone,Client Email,Street Address,Suburb,Status,Priority,Category,Description,Estimated Mins
Job 2045,Bedroom 4 - Nails coming at the edges of carpet near entrance,Patricia Mc Cann,0419159257,,"20 Banjo Paterson Circle, Point Cook VIC 3030",Point Cook,In Progress,High,Plumbing,"- Bedroom 4 - Nails coming at the edges of carpet near entrance
- Main Bathroom - Water damage signs in skirting
- Paint is coming off from feeling above shower
- Garage wooden door getting damage with rain waters",60
Job 2541,Cavity door 820x2340x35,Pravinesh Chand   +64 21 800 360,0450106100,,"7 Howmans Rd, Werribee VIC 3030",Werribee,In Progress,Medium,Door & Window,- Cavity door 820x2340x35,60
Job 2577 / Quote 2109,Garage door is stucking in the middle when they open the door or cl...,Rajwinder Singh.,0459534290,,"36 Hugo Dr, Point Cook VIC 3030",Point Cook,Quoted,High,Electrical,- Garage door is stucking in the middle when they open the door or close it and that time the light is also blinking.,60
Quote 2184,Keys with Dipali,Dipali (Client),,,"70 Ribblesdale Ave, Wyndham Vale VIC 3024",Wyndham Vale,Quoted,Medium,HVAC,"- Keys with Dipali
- Oven Replacement
- Rangehood Replacement",60
Job 2558 / Quote 2151,Back rumpus room: sliding door lock has fallen apart so the door is...,Alilia Paseka,0485 751 629,,"37 Claremont Cres, Hoppers Crossing VIC 3029",Hoppers Crossing,Quoted,High,Door & Window,"- Back rumpus room: sliding door lock has fallen apart so the door is unable to be locked.
- Kitchen sliding door: the lock mechanism is still there but even when locked the door still slideds open.
- Kitchen pantry door: right side handle to pantry door is loose.
- Master bedroom blinds: as shown in the video the blinds do not stop going down unless we use a clamp on the strings or it hits the ground.",60
Job 2527 / Quote 1923,Supply and install new laundry tap,Saai Ashok Kumar,0451239239,,"18 Compton St, Truganina VIC 3029",Truganina,Quoted,High,Plumbing,"- Supply and install new laundry tap
- Drain blocked in bathtub and wash basin
- Bedroom Door not closing",60
Job 2561 / Quote 1898,Garage lights are not working.,Clover Jinxuan Lin,0406809184,,"28 Silverbay Ave, Point Cook VIC 3030",Point Cook,Quoted,Medium,Electrical,"- Garage lights are not working.
- Light doesn’t work in laundry.
- Light is in back hallway doesn’t work
- Latch is not working from entrance to kitchen door",60
Quote 1472,Entrance Hall: Minor wall damage behind garage door and small marks...,Seyed Hossein Emam,0408951555,,"19 Tropic Cct, Point Cook VIC 3030",Point Cook,Quoted,Medium,Plumbing,"- Entrance Hall: Minor wall damage behind garage door and small marks on walls.
- Lounge Room: One sheer blind missing; blackout curtains present.
- Kitchen/Meals: Minor wall scuffs and paint chips; one blind difficult to open, another missing cord; cracks on island near sink and above microwave cupboard.
- Dining: Blackout blinds missing.
- Bedroom 2: One LED light is loose and not working.
- Main Bathroom: Towel rail is loose.",60
Quote 1641,Cabinet door under the sink has come off,Nidhi Chib,0444 593 385,,"14 Aspire St, Tarneit VIC 3029",Tarneit,Quoted,Medium,Plumbing,- Cabinet door under the sink has come off,60
Quote 1700,A window lock is broken.,Sheena Marie Solis,0461 541 045,,"8 Barooga Terrace, Truganina VIC 3029",Truganina,Quoted,High,Door & Window,"- A window lock is broken.
- cooktop repair
- The control wand for the blind has not been installed.
- W x 2000D",60
Quote 1802,Backyard fence needs to get fixed,Lutfi Saud,+61430566065,,"15 Misten Avenue, Altona North VIC 3025",Altona North,Quote Requested,Medium,Drywall & Masonry,- Backyard fence needs to get fixed,60
Quote 1860,Floor board keep moving needs glue,Jaslin (Client),,,"989 Morris Road Truganina, VIC 3029",Truganina,Quoted,High,Door & Window,"- Floor board keep moving needs glue
- Door lock replaced",60
Quote 1901,Back door lock issue – The rear door does not have a proper lock. A...,Hamza Iqbal,0487147242,,"15 Atherton Way, Werribee VIC 3030",Werribee,Quoted,High,Plumbing,"- Back door lock issue – The rear door does not have a proper lock. Additionally, during windy conditions, the door swings open and slams against the wall. This is a safety concern as it leaves the property unsecured and accessible from outside.
- Leaking shower – The shower is leaking, and it appears the pipe needs repair or replacement.
- Flyscreen request – We had previously requested a screen for the living room door. Without it, we are unable to keep the door open as insects and flies enter the house. Kindly arrange installation of a suitable screen.",60
Quote 1876,3 lights are not functioning,Sabby Sethi,0404530198,,"8 Ledmore St, Truganina VIC 3029",Truganina,Quoted,High,Plumbing,"- 3 lights are not functioning
- Toilet handles, door handles, and towel rail require repair
- Front roof ceiling – If this collapses and causes damage to our vehicle parked in the driveway,
- Guttering – Ant infestation was shown to the owner during their visit
- Front tree (nature strip) – It has now been over 8 weeks. I find it difficult to believe that the Australian council would take this long.
- Main door lock – The door opens randomly.",60
Quote 1863,Mold in master room,Gurpreet Singh,0402016522,,"14 Penzance Street, Truganina VIC 3029",Truganina,Quoted,Medium,Drywall & Masonry,"- Mold in master room
- Mold in living room",60
Quote 1883,Cracks noted on the ceilings and walls. (Overall),Cherese Booysen,0455 137 540,,"2 Ionian Way, Point Cook VIC 3030",Point Cook,Quote Requested,Medium,Drywall & Masonry,"- Cracks noted on the ceilings and walls. (Overall)
- The renters advised that the garden bed timber is becoming loose, resulting in sand falling through. (Backyard)",60
Quote 1888,Locks,Paul Laylo,0412037230,,"8 Eades Street, Laverton Vic 3028",Laverton,Quote Requested,High,Door & Window,"- Locks
- Structural soundness
- Heating",60
Quote 1908,"Downlight replace (3 x Lounge, 2 x Rooms, 1 x Laundry)",Ayesha (Client),0466437121,,"29 Mirima Street, Tarneit, Vic 3029",Tarneit,Quoted,High,Plumbing,"- Downlight replace (3 x Lounge, 2 x Rooms, 1 x Laundry)
- Backyard security screen roller assembly replacement
- Loose toilet seat needs re-installation
- Cooktop - Right front burner not igniting
- Air-con service
- 2 x Shower silicon
- auto closure for entrance security screen door
- 2 x door lock tighten
- Dry wall plaster damaged repair",60
Quote 1921,Kitchen tap is wobbly it's need fixing.,Despina Mudaliar,0404 060 980,,"50 Shillings Rd, Mambourin VIC 3024",Mambourin,Quoted,Medium,Plumbing,- Kitchen tap is wobbly it's need fixing.,60
Quote 1934,Oven coil snapped,Annaliesa Sharam,0432 346 547,,"10 Paruna Pl, Hoppers Crossing VIC 3029",Hoppers Crossing,Quoted,Urgent,Electrical,"- Oven coil snapped
- Ducted heating is not operations and has error displayed - urgent repair
- Exhaust fan in main bathroom no longer working starting to cause paint peeling - urgent repair to avoid mould forming
- Rangehood fan not working",60
Quote 1938,Blind chain got broken,Paras Deswal,0432 758 013,,"17 Shamrock Way, Truganina VIC 3029",Truganina,Quoted,High,Door & Window,- Blind chain got broken,60
Quote 1953,Supply and install new 90cm canopy exhaust fan,Emily Bradley,0415923731,,"66 Waves Dr, Point Cook VIC 3030",Point Cook,Quoted,Medium,Electrical,- Supply and install new 90cm canopy exhaust fan,60
Quote 1955,Gas burner is not functioning properly and remains faulty despite t...,Varinderjit Singh,0491 384 914,,"803 Tarneit Rd, Tarneit VIC 3029",Tarneit,Quoted,Medium,Electrical,"- Gas burner is not functioning properly and remains faulty despite thorough cleaning.
- Two bedroom doors are not closing properly.
- One electrical switch cover is missing.",60
Quote 1959,Ceiling in lounge area is leaking and has water spots.,Aman,0448 440 847,,"7 Champion Ct, Truganina VIC 3029",Truganina,Quoted,Medium,Plumbing,- Ceiling in lounge area is leaking and has water spots.,60
Quote 1964,Usha singh (Tenant) - 0420803335,Sandy,0432299825,,"10 Caraleena Dr, Tarneit VIC 3029",Tarneit,Quoted,Medium,General Repair,"- Usha singh (Tenant) - 0420803335
- Multiple issues please check with tenants",60
Quote 1967,Master Bedroom’s bathroom exhaust not working.,Mohammad Wasif,0468712180,,"18 Ivory St, Cobblebank VIC 3338",Cobblebank,Quoted,High,Plumbing,"- Master Bedroom’s bathroom exhaust not working.
- One of the washbasin’s drain inlet broken.
- One of the Kitchen Island’s cupboard door not closing properly.",60
Quote 1972,"Kitchen - there is also a hole in the pantry, from which rats are e...",Hussein Hussein,0451330106,,"38 Hume Ave, Melton South VIC 3338",Melton South,Quoted,Medium,Drywall & Masonry,"- Kitchen - there is also a hole in the pantry, from which rats are entering inside the kitchen.",60
- Quote,Quote to replace roller blinds for full house,Goran Dimovski,0426067800,,"18 Howard Place, Deer Park Vic 3023",Deer Park,Quote Requested,Medium,Door & Window,- Quote to replace roller blinds for full house,60
Quote 1977,The hall light bulb is not working.,Nadeesha,0449788658,,"52 Pienza Rd, Fraser Rise VIC 3336",Fraser Rise,Quoted,Medium,Electrical,"- The hall light bulb is not working.
- The bathroom exhaust fan is not functioning.
- The main entrance door squeaks loudly when opening and closing",60
Quote 1980,Need lock on the roller shutter door,David Peterson,0427943536,,"62 Grace St S, Altona Meadows VIC 3028",Altona Meadows,Quoted,High,Plumbing,"- Need lock on the roller shutter door
- Kitchen tap spraying water
- Towel rail is loose and coming off in bathroom
- Pantry door for kitchen has came off, 2 doors
- Leak in the kitchen cabinet",60
Job,Renter has reported that both showers are leaking from the bottom d...,Mohamed Janneh Keita,0414 085 424,,"67 Rockpool Rd, Truganina VIC 3029",Truganina,In Progress,Medium,Plumbing,"- Renter has reported that both showers are leaking from the bottom during use, causing water to flow onto the bathroom floor.
- This appears to be due to missing, damaged, or deteriorated silicone sealing along the base of the shower screens.",60
Job,Install hooks throughout the house on blinds,Natalie Favory,0413202271,,"31 Villiers Dr, Point Cook VIC 3030",Point Cook,In Progress,Medium,Door & Window,- Install hooks throughout the house on blinds,60
Quote 2072,Oven glass door shattered needs replacement - Needs investigation a...,LisaMarley Hape,0478 767 312,,"19 Melaleuca Dr, Hoppers Crossing VIC 3029",Hoppers Crossing,Quoted,Urgent,Plumbing,"- Oven glass door shattered needs replacement - Needs investigation as well how?
- Renter has reported that the kitchen sink pipe is leaking. Plumber is required.",60
Quote 1987,The pipe underneath toilet is leaking,Thantanath Khangtatswas,0403 083 138,,"11 Swanton Ave, Williams Landing VIC 3027",Williams Landing,Quoted,Medium,Plumbing,- The pipe underneath toilet is leaking,60
Quote 1988,2 x Duplicate keys for driveway,Katrina Barbajo,0416 956 693,,"798 Armstrong Road, Manor Lakes VIC 3029",Manor Lakes,Quoted,Medium,Electrical,"- 2 x Duplicate keys for driveway
- Mailbox key
- Garage remote is also not working",60
Quote 1595,Oven coil snapped,Annaliesa Sharam,0432 346 547,,"10 Paruna Pl, Hoppers Crossing VIC 3029",Hoppers Crossing,Quoted,Urgent,Electrical,"- Oven coil snapped
- Ducted heating is not operations and has error displayed - urgent repair
- Exhaust fan in main bathroom no longer working starting to cause paint peeling - urgent repair to avoid mould forming
- Rangehood fan not working",60
Quote 2057,Venetian blinds in bedrooms are not working . The panels are stuck ...,Nikita Hiroti,0452608506,,"11 Seacoast Street, Point Cook VIC 3030",Point Cook,Quoted,High,Door & Window,"- Venetian blinds in bedrooms are not working . The panels are stuck and wont open. Can you advise whether this can be repaired or needs to be replaced.
- w x 1500D
- Ice / Pure
- Back sliding door lock does not work.",60
Quote 1992,Heat duct in the master room is loose.,Khair Unnisa Begum,0414 170 420,,"30 Sumac Street, Brookfield VIC 3338",Brookfield,Quoted,Medium,HVAC,- Heat duct in the master room is loose.,60
Quote 1994,Screen door at the front mesh is torn.,Meleane Lafimoasiu Taufa,0412 817 292,,"3 Inns Pl, Hoppers Crossing VIC 3029",Hoppers Crossing,Quoted,High,Plumbing,"- Screen door at the front mesh is torn.
- Door knobs of 2 bedrooms have came off due to window being open.
- Laundry door - Does not lock properly from inside.
- Backyard sliding door does not lock properly.
- Ensuite toilet not flushing.
- New Quote
- Both Shower door hard to slide.
- Front room shower frame is falling apart.",60
Quote 2003,Supply and install new clothsline,Maria Mackay,0473 756 310,,"4 Hereford Ave, Truganina VIC 3029",Truganina,Quoted,Medium,HVAC,- Supply and install new clothsline,60
Quote 2020,"The oven has recently started burning food intermittently, despite ...",Rami Ahmed,0416 268 643,,"38 Hamish Drive, Tarneit VIC 3029",Tarneit,Quoted,High,Door & Window,"- The oven has recently started burning food intermittently, despite being used as normal.
- The garage door is occasionally getting stuck when opening.",60
Quote 2007,Fan light needs repalcement,Tania Vatubua,0422 526 934,,"8 Wing Cir, Tarneit VIC 3029",Tarneit,Quoted,Medium,Electrical,- Fan light needs repalcement,60
Quote 2021,Plaster required on water damage,ATIYA S M EMHEMMED,0406933055,,"3 Romek Way, Truganina VIC 3029",Truganina,Quote Requested,High,Plumbing,- Plaster required on water damage,60
Quote 2023,Garage light switch needs replacement,Sahilpreet Singh,0449 904 106,,"46 Hummingbird Boulevard, Tarneit VIC 3029",Tarneit,Quoted,Medium,Electrical,"- Garage light switch needs replacement
- Bathroom lighting
- Door Master bedroom door and the garage door have issue
- Exhaust system issue the buttons does not work",60
Quote 2026,Garage door not operational,Nassouh Kalo,0416 090 897,,"103 Verdant Rd, Truganina VIC 3029",Truganina,Quoted,Medium,Plumbing,"- Garage door not operational
- Cooling system needs to be replaced
- Stovetop burners can't be turned on when oven is in use
- Kitchen sink leaking
- Ensuite RHS sink leaking underneath cupboards",60
Quote 2028,The master bedroom shower screen glass is cracked and requires urge...,Meihana L Broadbridge,0468551755,,"76 Haze Dr, Point Cook VIC 3030",Point Cook,Quoted,Urgent,Plumbing,"- The master bedroom shower screen glass is cracked and requires urgent repair.
- The front door handle only turns one way, making it increasingly difficult to open and close. The handle also does not lock properly on the timber door.
- The garage door handle is difficult to operate and requires force to open and close.
- Moisture behind shower wall",60
Quote,Measurements for an upstairs windows where blinds are missing,Anahera WilsonRakei,0421951022,,"99 Hemsley Promenade, Point Cook VIC 3030",Point Cook,Quote Requested,Medium,Door & Window,- Measurements for an upstairs windows where blinds are missing,60
Quote 2201,"Tenants are requesting for repair of window screens and locks, whic...",Amina Mohamed.,0412987464,,"103 Federation Blvd, Truganina VIC 3029",Truganina,Quoted,High,Door & Window,"- Tenants are requesting for repair of window screens and locks, which are broken or loose. This is a safety concern, as the back windows could be easily opened, especially given the recent increase in burglaries in the area.",60
Quote 2047,Regrout the bathroom,Con,0415 307 225,,"68 Odyssey Bvd, Tarneit VIC 3029",Tarneit,Quoted,Medium,Plumbing,- Regrout the bathroom,60
Quote 2038,"Downlights are not working in pantry, rooms and washroom - 8 or 9",Sahil,0424 422 756,,"69 Trevor Cres, Truganina VIC 3029",Truganina,Quoted,Medium,Plumbing,"- Downlights are not working in pantry, rooms and washroom - 8 or 9
- Roller of the back slider is not working.
- Dishwasher is not working properly.
- Bathroom tap is leaking
- Kitchen gas turns off automatically while using.",60
Quote 2041,Install 2x blind cord anchors / cleats to secure loosely hanging bl...,Sehenur Shanto,0449099953,,"72 Whitsunday Dr, Hoppers Crossing VIC 3029",Hoppers Crossing,Quoted,Medium,Door & Window,- Install 2x blind cord anchors / cleats to secure loosely hanging blind cords.,60
Quote 2042,The water is coming from the back garage wooden door when rains,Sravanthi Yarraguntla,0499378329,,"21 Tropic Circuit, Point Cook Vic 3030",Point Cook,Quoted,Medium,Plumbing,- The water is coming from the back garage wooden door when rains,60
Quote 2045,Gutter cleaning,Ngawai Thomason,+61410942415,,"7 Waterhaven Boulevard, Point Cook VIC 3030",Point Cook,Quoted,Medium,Plumbing,"- Gutter cleaning
- Ac unit leaking",60
Quote 2052,"Front main door wood is torn, please fix.",Mary Atilio,0402 663 707,,"4 Corriedale Ave, Truganina VIC 3029",Truganina,Quote Requested,High,Door & Window,"- Front main door wood is torn, please fix.
- x 2040 x 40mm
- Ensuit door lock replacement
- Backyard security screen wheel",60
Quote 2051,Front door lock is not functioning properly,Navneet Kaur,0469 887 021,,"13 Kambah St, Tarneit VIC 3029",Tarneit,Quoted,High,Door & Window,"- Front door lock is not functioning properly
- Lock on the rear glass is also faulty",60
Quote 2066,Check quote for list of work,Rodel Bermejo,0488720419,,"15 Cumming Dr, Hoppers Crossing VIC 3029",Hoppers Crossing,Quoted,Medium,General Repair,- Check quote for list of work,60
Quote,Full house re-painting,Girish,0433 424 333,,"11 Point Cook Road, Altona Meadows Vic 3028",Point Cook,Quote Requested,High,Plumbing,"- Full house re-painting
- Lighting require in full house
- Both bathroom require new shower screen, sink and tap wares
- Carpet require changing throughout
- Heater unit is missing, need to install one
- Door needs to be installed where missing and locks and handle also requote throughout",60
Quote 2055,LHS ensuite sink is leaking underneath into cupboard when in use fo...,Zaygham Nawaz,0406 381 677,,"45 Drake Street, Tarneit VIC 3029",Tarneit,Quoted,Medium,Plumbing,"- LHS ensuite sink is leaking underneath into cupboard when in use for the meantime renters are not using this but this will need to be fixed
- Clothesline requires replacement/repair as it was damaged due to the strong winds we had
- Towel rail to be repaired/replaced as it has come away",60
Quote 2056 & 2090,2056 - Backyard flood light bulb needs replacement,Masthan Galiboyina,0470 573 615,,"18 Monaro St, Tarneit VIC 3029",Tarneit,Quoted,Medium,Electrical,"- 2056 - Backyard flood light bulb needs replacement
- 2090 - Towel rail installation",60
Quote 2062,Bedroom 1 door is sticking and tough to open,Aysha Fatima,0406 765 487,,"1/7 Craig Cl, Truganina VIC 3029",Truganina,Quoted,High,Plumbing,"- Bedroom 1 door is sticking and tough to open
- Bedroom 2 door handle was loose and has come away
- Laundry door sticks
- Carpet towards the start of the kitchen is in poor condition (carpet might be due for replacement - can get a quote to replace carpet throughout)
- Main bathroom tiles behind door are coming away
- Front door deadlock (top lock) requires replacement as per legislation it must have a lock that can be operated by a key from the outside and unlocked from the inside without a key which is not the case in this current situation
- Lounge ceiling seems to have water staining / moisture damage as there is uneven, patchy discolouration and faint grey marks which are typical signs of past or ongoing moisture exposure.
- Main bathroom and ensuite shower silicone/grout could use replacement
- the ceiling in one corner of Bedroom 2 (the handle of which came off). It also has moisture",60
Quote 2061,Main Door - The renters advised that the main door lock is not work...,Bianca Hall,0439 392 468,,"17 Beatrix St, Point Cook VIC 3030",Point Cook,Quote Requested,High,Door & Window,"- Main Door - The renters advised that the main door lock is not working properly, and the key is getting stuck inside.
- Main Bathroom - The renters advised the door knob has been removed as the door was not able to be opened from the inside.",60
Quote 2068,"The towel rack in the ensuite is broken , not able to hang towels",Carol O’Neill,0431 117 375,,"207 Thames Blvd, Tarneit VIC 3029",Tarneit,Quoted,High,HVAC,"- The towel rack in the ensuite is broken , not able to hang towels",60
Quote 2477,"Inspect leaning rear fence, investigate and advise on the likely ca...",Muhammad Haris Hassan,0451 202 440,,"15 Quarrion Court, Hoppers Crossing VIC 3029",Hoppers Crossing,Quoted,Medium,Drywall & Masonry,"- Inspect leaning rear fence, investigate and advise on the likely cause of the fence leaning, provide supporting photos, and provide a separate quote for the removal and disposal of the internal/non-boundary fence shown in the attached photo.",60
Quote 2080,Light switch is not functioning.,Vishal ghumman,0456471982,,"27 Tanner Mews, Point Cook VIC 3030",Point Cook,Quoted,High,Plumbing,"- Light switch is not functioning.
- Rangehood mesh has come loose.
- Bedroom Door handle is loose
- 2 x Wash basin tap is loose and wiggly.
- 3 x Entrance door lock need replacement
- 1 x Entrance set",60
Quote 2077,Roller blind chain needs to be fixed in the front lounge.,Chingasiyeni Matanda,0461343909,,"23 Giri Way, Werribee VIC 3030",Werribee,Quoted,High,Door & Window,"- Roller blind chain needs to be fixed in the front lounge.
- Blind hooks for venetian blinds need to be installed and broken blind hooks need replacement on some windows.",60
Quote,Entrance Hall - The renters advised that a gap is developing betwee...,Tim Thomassen,0434 133 272,,"21 Swinburne Court, Truganina Vic 3029",Truganina,Quote Requested,Medium,Door & Window,- Entrance Hall - The renters advised that a gap is developing between the tiled floor and the door.,60
Quote 2087,His Wife - 0415486211,Muhammad Muneeb Afridi,0452124213,,"3 Mosholu Wy, Point Cook VIC 3030",Point Cook,Quoted,Medium,Plumbing,"- His Wife - 0415486211
- Kitchen sink tap become loose",60
Job 2524 / Quote 2092,"Repair the ensuite light switch, as the light does not stay on.",Joan Sebastian Sierra Gomez,0449205103,,"11 Camini Grv, Truganina VIC 3029",Truganina,Quoted,Medium,Electrical,"- Repair the ensuite light switch, as the light does not stay on.",60
Quote 2093,Loud noise coming from Entrance ceiling,Mamta Biala,0432 209 712,,"4 Midlothian Ct, Point Cook VIC 3030",Point Cook,Quoted,Medium,Drywall & Masonry,- Loud noise coming from Entrance ceiling,60
Quote 2094,Washing machine,Ildefonso Alcides Ayres Abreu Filho,0455861667,,"1/35 Ailsa St, S Altona Meadows VIC 3028",Altona Meadows,Quoted,Medium,HVAC,- Washing machine,60
Quote 2091,Laundry glass replacement,Mehreen (Client),,,"15 Dundee Way, Truganina VIC 3029",Truganina,Quoted,Medium,HVAC,- Laundry glass replacement,60
Quote,Quote for repair of wall hole damage,Victor Woods,0433 036 806,,"44 Warrenwood Ave, Hoppers Crossing VIC 3029",Hoppers Crossing,Quote Requested,Medium,Door & Window,"- Quote for repair of wall hole damage
- Quote for repair of damaged wardobe rollers",60
Job 2507 / Quote 2097,Vacate house,Sazya (Client),,,"20 Napier St, Tarneit VIC 3029",Tarneit,Quoted,Medium,Door & Window,"- Vacate house
- Back sliding door doesn't close",60
Quote 2115,The front door and screen door need fixing asap as the wooden door ...,Narelle Sevenich,0444 553 008,,"65 Banksia Cres, Hoppers Crossing VIC 3029",Hoppers Crossing,Quoted,High,Plumbing,"- The front door and screen door need fixing asap as the wooden door is getting harder to open and close as it is getting stuck to the door frame.
- The gutters as rusted and coming away from the roof.
- The laundry door needs repair",60
Job,Loud noise coming from Entrance ceiling ($200+GST),Mamta Biala,0432 209 742,,"4 Midlothian Ct, Point Cook VIC 3030",Point Cook,In Progress,Medium,Drywall & Masonry,- Loud noise coming from Entrance ceiling ($200+GST),60
Quote 2102,Kitchen sink tap come off,Muhammad Muneeb Afridi 24213,0415486211 04521,,"3 Mosholu Wy, Point Cook VIC 3030",Point Cook,Quoted,Medium,Plumbing,- Kitchen sink tap come off,60
Quote 2114,Check with tenants all maintenance issues and proivde qoutation,MUHAMMAD LUQMAN JAVAID,0404213260,,"69 Rockpool Road, Truganina VIC 3029",Truganina,Quoted,Medium,General Repair,- Check with tenants all maintenance issues and proivde qoutation,60
Quote -,Both glass and secirity doors do not close or slide properly. Can n...,Tanya Buck,0415990521,,"50 South Avenue, Altona Meadows Vic 3028",Altona Meadows,Quoted,High,Plumbing,"- Both glass and secirity doors do not close or slide properly. Can not lock or secure these doors wothout using considerable force. Door handle on the glass door broken. Runners for door damaged
- Several lengths of gutter need replacing as rusted through. House and shed. Caising water damage tp hoise.
- Front gates hinge welded to gate. Gate sitting in back yard.
- Large gate. Hinge at bottom rusted through again welded to frame. Both gates same handyman with a welder.
- Aircond, split system unit seems to be connected to power as relays reset with power. Remote will not work, new batteries, reset remote nut fails to start.
- Rear door and security door. Both have runner issues. Main door and security door locks fail to operate. Bottom lip of lock broken on door frame. Could be as simple as new door runners and lock.
- Roof gutter cleaning",60
Job 2591 / Quote 2111 -,Dishwasher doesn't turn on,Vishista Kanduri,0412525425,,"38 Larson Avenue, Tarneit VIC 3029",Tarneit,Quoted,Medium,General Repair,- Dishwasher doesn't turn on,60
Quote 2118,"The locks on the rooms, bathroom, and toilet are not working properly",Govind Sharma,0451 251 346,,"22 Hillcrest Parade, Tarneit VIC 3029",Tarneit,Quoted,High,Plumbing,"- The locks on the rooms, bathroom, and toilet are not working properly
- The chimney lights are not working. Can you pls provide quote",60
Quote 2120,Garage remote not functioning,Walter Kipruto.,0466520509,,"22 Homestead Ave, Tarneit VIC 3029",Tarneit,Quoted,Medium,Electrical,- Garage remote not functioning,60
Quote 2125,Broken Letterbox,Elisara Elisara,0435 994 430,,"11 Pittsford Rd, Manor Lakes VIC 3024",Manor Lakes,Quoted,High,Drywall & Masonry,- Broken Letterbox,60
Quote 2126,Check quote,Anika  Lights not working  Front Back Ground floor lounge Rangehood,0415241308-,,"14 Honolulu Drive, Point Cook, Vic 3030",Point Cook,Quoted,Medium,Electrical,- Check quote,60
Quote 2030,Main burner doesn't stay on. Most likely cooktop needs replacement,Gopinadh Kolluri,0434 347 688,,"37 Luster Cres, Tarneit VIC 3029",Tarneit,Quoted,Medium,Electrical,"- Main burner doesn't stay on. Most likely cooktop needs replacement
- Quote for below
- Switch board - circuit protection
- Safety Switch not installed at switchboard
- Cooking Circuit - WIRING AND ACCESSORIES
- Air Con Unit WIRING AND ACCESSORIES
- DISTRIBUTION BOARDS not installed
- Electric oven and Aircon circuits needs to be protected by RCBO'S",60
Quote 2131,Entrance double light switch needs replacement due to non functional,Sahilpreet Singh,0449 904 106,,"46 Hummingbird Boulevard, Tarneit VIC 3029",Tarneit,Quoted,Urgent,Plumbing,"- Entrance double light switch needs replacement due to non functional
- Backyard flood light not working, We will change it to normal bulb setup for longer run its good for owner on rental house
- Supply and install new basin drain as water blocker is broken in both basin
- Unblock the kitchen sink and leakage repair underneath
- Smoke alarm come off from ceiling and unsafe, needs re-installation
- Supply and install new door lock for common toilet, as the lock is completely broken
- Supply and installation of canopy rangehood - 60cm
- Remove existing moldy shower silicon from common bathroom",60
Quote 2138,Supply and install new wireless door bell,Jaimin Patel,0450 955 010,,"26 Herbage Dr, Tarneit VIC 3029",Tarneit,Quoted,Medium,Electrical,- Supply and install new wireless door bell,60
Quote 2142,Install new toilet paper roll holder,Lovish Lovish,0426143633,,"8 Callanish Street, Truganina 3029",Truganina,Quoted,Medium,Plumbing,"- Install new toilet paper roll holder
- Garage door repair
- Rangehood light",60
Quote,Mould and leaking in bathroom and cracks on wall,Naveen Naveen,0478356991,,"18 Crilly St, Tarneit VIC 3029",Tarneit,Quote Requested,Medium,Plumbing,- Mould and leaking in bathroom and cracks on wall,60
Quote 2143,Main security door lock is not working,Rav (Client),,,"23 Giri Way, Werribee VIC 3030",Werribee,Quoted,High,Plumbing,"- Main security door lock is not working
- Hinge is damaged in bedroom 4 wardrobe
- Toilet seat is loose in ensuite
- Oven handle is loose",60
Quote 2145,Windows flyscreen replacement,Sonia Chauhan,0416 175 404,,"10 Gascoyne Way, Truganina VIC 3029",Truganina,Quoted,Medium,Door & Window,- Windows flyscreen replacement,60
Quote 2147,Water leak in the toilet & bad smell is coming out of the area,Prathyusha Goud Akula,0477 067 963,,"3 Fleur Way, Truganina VIC 3029",Truganina,Quoted,Medium,Plumbing,"- Water leak in the toilet & bad smell is coming out of the area
- Light in the kitchen is not working",60
Quote 2148,Hole in kitchen area - mice entering,Marwan Alwagdany,0404758842,,"45 Pottery Ave, Point Cook VIC 3030",Point Cook,Quoted,Medium,Drywall & Masonry,- Hole in kitchen area - mice entering,60
Quote 2149,The oven Knob is not operating.,Mahmoud Atatreh,0411 782 498,,"19 Conondale St, Tarneit VIC 3029",Tarneit,Quoted,Medium,General Repair,- The oven Knob is not operating.,60
Quote 2150,Dishwasher door is not closing,Salman Choudhry,+61474726084,,"8 Farmers Way, Point Cook VIC 3030",Point Cook,Quoted,Medium,Door & Window,- Dishwasher door is not closing,60
Quote 2152,Cooktop & Range Hood whole replacement,Gopinadh Kolluri,0434 347 688,,"37 Luster Cres, Tarneit VIC 3029",Tarneit,Quoted,Medium,Drywall & Masonry,- Cooktop & Range Hood whole replacement,60
Quote 1947,Entrance - The renters advised that the door knob lock is not worki...,Yangming An,0406856639,,"21 Martaban Cres, Point Cook VIC 3030",Point Cook,Quote Requested,High,Door & Window,"- Entrance - The renters advised that the door knob lock is not working properly, making the door difficult to open.
- Kitchen - The renters advised that the rangehood filter is not working.",60
Quote 2153,Dishwasher not closing,Amy Bell,0417578302,,"2 Sanford Close, Strathtulloh VIC 3338",Strathtulloh,Quoted,Medium,Electrical,- Dishwasher not closing,60
Quote 2156,Range hood is not working,NAJIBULLAH BARAICH,0474788652,,"42 Marwood Avenue, Truganina VIC 3029",Truganina,Quote Requested,Medium,General Repair,"- Range hood is not working
- Cooktop burners are also not working",60
Quote 2157,Two kitchen taps and one tap in the main bathroom are loose.,Adarsh Pal Singh Toor,0422 180 108,,"15 Jura St, Truganina VIC 3029",Truganina,Quoted,Medium,Plumbing,"- Two kitchen taps and one tap in the main bathroom are loose.
- The backyard screen door is misaligned and requires adjustment",60
Job,Paint a draw marks,Ioane Paka Teokotai Tom,0450414107,,"20 Adelong Bvd, Cobblebank VIC 3338",Cobblebank,In Progress,Medium,Painting,- Paint a draw marks,60
Quote 2163,Ensuite door. its lose from its hinges,Muhammad Bilal Afsar,0452526049,,"369 Bethany Road, Tarneit VIC 3029",Tarneit,Quoted,Medium,Door & Window,- Ensuite door. its lose from its hinges,60
Quote 2165,Shower headset issue water is not coming form headset,Furaha Bitisio.,0470551089,,"17 MacLaren Dr, Melton South VIC 3338",Melton South,Quoted,Medium,Plumbing,- Shower headset issue water is not coming form headset,60
Quote 2193,oven door is not opening properly and appears to be stuck at approx...,Evergelister Rundora,0411285077,,"17 Silverwood Drive, Truganina VIC 3029",Truganina,Quoted,High,Door & Window,- oven door is not opening properly and appears to be stuck at approximately a 45-degree angle,60
Quote,Leakage in the property,Karandeep Singh,0429649643,,"69 Westmeadows Lane, Truganina VIC 3029",Truganina,Quote Requested,Urgent,Plumbing,- Leakage in the property,60
Quote,Remove carpets and change to timber or hybrid floor in bedrooms.,Rishupal Chhabra,0470 696 015,,"5/5 Thomas Carr Dr, Tarneit VIC 3029",Tarneit,Quote Requested,Medium,Drywall & Masonry,- Remove carpets and change to timber or hybrid floor in bedrooms.,60
Quote,"Plaster damaged repair in hallway wall and the indoor garage door, ...",Tushar,0499 017 098,,"13 Owlet St, Tarneit VIC 3029",Tarneit,Quote Requested,Medium,Electrical,"- Plaster damaged repair in hallway wall and the indoor garage door, which has a gap at the bottom and is slightly difficult to close.",60
Quote 2173,Garage door hang issue.,Craig Windsor   / Betty 0428717481,0435914305,,"6 Mallina Glen, Tarneit VIC 3029",Tarneit,Quoted,High,Door & Window,"- Garage door hang issue.
- last room floors board.
- Dishwasher clip broken.",60
Quote 2174 -,Common bathroom exhaust not working,Ankit Soni,0466659970,,"35 Creston St, Point Cook VIC 3030",Point Cook,Quoted,Medium,Electrical,"- Common bathroom exhaust not working
- 4 x Outdoor Flood light not working
- Assessment of non working Alfresco fan",60
Quote 2176 -,Toilet tank leakage in the bowl,Mehreen (Client),+61 426 937 643,,"35 Cinnamara Circuit, Tarneit, Vic 3029",Tarneit,Quoted,Urgent,Plumbing,- Toilet tank leakage in the bowl,60
Quote,Replace the damaged skirting in kitchen area and paint the affected...,Rav / Dipali (Client),,,"20B Honolulu Dr, Point Cook VIC 3030",Point Cook,Quote Requested,Medium,Drywall & Masonry,- Replace the damaged skirting in kitchen area and paint the affected ceiling on kitchen,60
Quote / Job,"Mould/dampness alfresco celling - If >300, please send quote",Raymond Brown,0492922640,,"130 Bondi Parade, Point Cook VIC 3030",Point Cook,In Progress,Medium,Drywall & Masonry,"- Mould/dampness alfresco celling - If >300, please send quote",60
Quote,Garage roller door is making an unusual noise,Nisha Nisha,0478435864,,"4 Opperman Pl, Point Cook VIC 3030",Point Cook,Quote Requested,Medium,Door & Window,- Garage roller door is making an unusual noise,60
Quote 2178,Bathroom exhaust fan and lights are not working.,Ashlesh Waghmare,0430 968 195,,"130 Warringa Crescent, Hoppers Crossing VIC 3029",Hoppers Crossing,Quote Requested,Medium,Electrical,"- Bathroom exhaust fan and lights are not working.
- Blind curtain string needs to be replaced.",60
Job 2592 / Quote 2181,Single story house full roof gutter cleaning,Parneet (Client),,,23 Wood Grove Burnside Victoria 3023,Burnside,Quoted,Urgent,Plumbing,"- Single story house full roof gutter cleaning
- Repair a toilet flush tank water leakage in the bowl
- Supply and install new basin tap wear set. Exclude basin",60
Quote 2180,2 x Garage remote isnt working,Nitish Bhardwaj,0415 339 806,,"7 Constellation Cct, Truganina VIC 3029",Truganina,Quoted,Medium,Electrical,- 2 x Garage remote isnt working,60
Quote 2183,Oven and dishwasher,Devasena Ramanathan Natarajan,0431401044,,"34 Lincolnheath Boulevard, Point Cook VIC 3030",Point Cook,Quoted,Medium,HVAC,- Oven and dishwasher,60
Job 2589 / Quote 2185,Inside and outside few lights are not working,Amar Pal Singh,0406 402 412,,"17 Chloe Street, Tarneit VIC 3029",Tarneit,Quoted,Medium,Electrical,- Inside and outside few lights are not working,60
Quote 2187,Garage remote is not working even after battery change by the tenant.,Zain Dean,0411 709 501,,"12 Omar St, Wyndham Vale VIC 3024",Wyndham Vale,Quoted,Medium,Electrical,"- Garage remote is not working even after battery change by the tenant.
- Garage remote mounted on the wall is also not working.",60
Quote 2188,"Replace 3 light bulbs - master bedroom , bedroom 2 and kitchen",Baljeet Singh,0405158467,,"24 Toritta Way, Truganina VIC 3029",Truganina,Quoted,Medium,Electrical,"- Replace 3 light bulbs - master bedroom , bedroom 2 and kitchen",60
Quote 2189,Master bedroom ensuite door – The ensuite/bathroom door is missing.,Krishna Phanindra Sai Pasupuleti,0450 568 008,,"20 Artichoke Walk, Truganina VIC 3029",Truganina,Quoted,High,Electrical,"- Master bedroom ensuite door – The ensuite/bathroom door is missing.
- Back sliding door key – The key is not working when trying to unlock the sliding door from outside the backyard.
- Garage remote – We received two garage remotes. One is working, but the other one is not working.",60
Quote 2190,Multiple issues,Naqash Panhwar,0405636722,,"30 Annapurna Cres, Truganina VIC 3029",Truganina,Quote Requested,Medium,Door & Window,"- Multiple issues
- Flyscreen is damage",60
Quote 2192,Please provide quote for re-silicon for the shower and skirting dam...,Dipali (Client),,,"6 Friendship Pl, Tarneit VIC 3029",Tarneit,Quoted,Medium,Plumbing,- Please provide quote for re-silicon for the shower and skirting damage and toilet holder repair,60
Quote 2205,Verandah post - Is rotten at the bottom and is not attached to frame,Daniel Ward,0422 941 297,,"148 Ballan Rd, Werribee VIC 3030",Werribee,Quoted,Medium,Drywall & Masonry,- Verandah post - Is rotten at the bottom and is not attached to frame,60
Quote 2194,Side door hinge came off due to the winds,Simran Kaur,0476269028,,"8 Cotter Wy, Truganina VIC 3029",Truganina,Quoted,Medium,Door & Window,- Side door hinge came off due to the winds,60
Quote 2194,Front door handle has come loose and looks likes it’s going to fall...,Dipali (Client),,,"17 Longfellow Dr, Delahey VIC 3037",Delahey,Quoted,High,Electrical,"- Front door handle has come loose and looks likes it’s going to fall off (for our security and safety I would like this repaired asap )
- Not a secure side gate - I don’t feel very safe in this property with the gate as it’s not a proper functioning gate with a secure lock - (it doesn’t open and shut without force) anyone is able to jump it and come in (it is also too heavy to move)
- Oven in the kitchen : The fan had been making a ticking sound in the oven and now the fan isn’t working at all and the oven isn’t turning on (I haven’t been able to use the oven to cook)",60
Quote 2196,Water leakage in bathroom from roof Seems like roof is full of wate...,Heena Heena,0476641996,,"30 Jura St, Truganina VIC 3029",Truganina,Quoted,Urgent,Plumbing,- Water leakage in bathroom from roof Seems like roof is full of water at the moment. need to arrange someone on urgent basis,60
Job 2603 / Quote 2197,Toilet flush button: We are arranging to have the missing/damaged f...,Priyanka Samudayapalepu,0434 777 681,,"111/38 Clark St, Williams Landing VIC 3027",Williams Landing,Quoted,Medium,Plumbing,"- Toilet flush button: We are arranging to have the missing/damaged flush button replaced.
- One black blind required at the window to help reduce the direct sunlight.",60
Quote 2198,Gas leakage from stove. need to arrange someone to look into this,Muhammad Bilal Afsar,0452526049,,"369 Bethany Road, Tarneit VIC 3029",Tarneit,Quoted,Urgent,Plumbing,- Gas leakage from stove. need to arrange someone to look into this,60
Job 2599,Broken blind in the lounge. need to fix/replace it,Mridul Sharma,0403352612,,"29 Moombil Rd, Truganina VIC 3029",Truganina,In Progress,High,Door & Window,- Broken blind in the lounge. need to fix/replace it,60
Job 2601 / Quote 2199,Two kitchen taps and one tap in the main bathroom are loose.,Adarsh Pal Singh Toor,0422 180 108,,"15 Jura St, Truganina VIC 3029",Truganina,Quoted,Medium,Plumbing,"- Two kitchen taps and one tap in the main bathroom are loose.
- The backyard screen door is misaligned and requires adjustment",60
Quote 2200,Both master bathroom and main bathroom shower silicon to be replace.,Miriama Atonio,0481 142 346,,"11 Teller Street, Tarneit VIC 3029",Tarneit,Quoted,Medium,Plumbing,- Both master bathroom and main bathroom shower silicon to be replace.,60
Quote,Garage roller door has not been working,Manik Mahajan,0468 905 813,,"26 Equity St, Rockbank VIC 3335",Rockbank,Quote Requested,Medium,Door & Window,"- Garage roller door has not been working
- Turf needs to be fixed.",60
Quote 2202,428 822,Tushar Malik,+6421 486 786,,"31 Frontier Cct, Tarneit VIC 3029",Tarneit,Quoted,Medium,Electrical,"- 428 822
- Garage door not working with switch on the wall or remote",60
Job 2602 / Quote 2203 -,Tenants have reported a roof leak that is causing mold to form and ...,KULWINDER SINGH,0478035321,,"12 Codrington Rd, Truganina VIC 3029",Truganina,Quoted,Medium,Plumbing,- Tenants have reported a roof leak that is causing mold to form and one light is not working. We need to arrange the handyman to check the inspect the issue and arrange for repairs. Please let us know if you approve this or if you would like us to coordinate with you.,60
Job,Toilet door handle is stuck,Mounika Reddy,0459 902 092,,"10/22-30 Wallace Ave, Point Cook VIC 3030",Point Cook,In Progress,High,Plumbing,- Toilet door handle is stuck,60
Quote 2204,The installation of mail Box is required at the property,Deval Patel,0416 113 757,,"5 Fete Way, Tarneit VIC 3029",Tarneit,Quoted,Medium,General Repair,- The installation of mail Box is required at the property,60
Quote,Leakage in the property,Karandeep Singh,0429649643,,"69 Westmeadows Lane, Truganina VIC 3029",Truganina,Quote Requested,Urgent,Plumbing,- Leakage in the property,60
Quote 2206,Dish washer is not working properly. The dishwasher is not draining...,Vamshi Teja Rasham Setti,0451 693 441,,"65 Makedonia St, Tarneit VIC 3029",Tarneit,Quoted,Medium,Plumbing,- Dish washer is not working properly. The dishwasher is not draining properly and dishes come unclean.,60